x_context,y_context
0.22046709,0.9583815
-1.2023127,0.7809643
-0.57240057,1.2454164
0.39199996,0.8251203
0.6847081,0.55251676
0.99438834,0.5077393
-1.1082609,1.0253534
-1.2656422,0.6354438
1.2469451,0.816549
